frame,classes
0000,[00000000000000]
0001,[00000000000000]
0002,[00000000000000]
0003,[00000000000000]
0004,[00000000000000]
0005,[00000000000000]
0006,[00000000000000]
0007,[00000000000000]
0008,[00000000000000]
0009,[00000000000000]
0010,[00000000000000]
0011,[00000000000000]
0012,[00000000000000]
0013,[00000000000000]
0014,[00000000000000]
0015,[00000000000000]
0016,[00000000000000]
0017,[00000000000000]
0018,[00000000000000]
0019,[00000000000000]
0020,[00000000000000]
0021,[00000000000000]
0022,[00000000000000]
0023,[00000000000000]
0024,[00000000000000]
0025,[00000000000000]
0026,[00000000000000]
0027,[00000000000000]
0028,[00000000000000]
0029,[00000000000000]
0030,[00000000000000]
0031,[00000000000000]
0032,[00000000000000]
0033,[00000000000000]
0034,[00000000000000]
0035,[00000000000000]
0036,[00000000000000]
0037,[00000000000000]
0038,[00000000000000]
0039,[00000000000000]
0040,[00000000000000]
0041,[00000000000000]
0042,[00000000000000]
0043,[00000000000000]
0044,[00000000000000]
0045,[00000000000000]
0046,[00000000000000]
0047,[00000000000000]
0048,[00000000000000]
0049,[00000000000000]
0050,[00000000000000]
0051,[00000000000000]
0052,[00000000000000]
0053,[00000000000000]
0054,[00000000000000]
0055,[00000000000000]
0056,[00000000000000]
0057,[00000000000000]
0058,[00000000000000]
0059,[00000000000000]
0060,[00000000000000]
0061,[00000000000000]
0062,[00000000000000]
0063,[00000000000000]
0064,[00000000000000]
0065,[00000000000000]
0066,[00000000000000]
0067,[00000000000000]
0068,[00000000000000]
0069,[00000000000000]
0070,[00000000000000]
0071,[00000000000000]
0072,[00000000000000]
0073,[00000000000000]
0074,[00000000000000]
0075,[00000000000000]
0076,[00000000000000]
0077,[00000000000000]
0078,[00000000000000]
0079,[00000000000000]
0080,[00000000000000]
0081,[00000000000000]
0082,[00000000000000]
0083,[00000000000000]
0084,[00000000000000]
0085,[00000000000000]
0086,[00000000000000]
0087,[00000000000000]
0088,[00000000000000]
0089,[00000000000000]
0090,[00000000000000]
0091,[00000000000000]
0092,[00000000000000]
0093,[00000000000000]
0094,[00000000000000]
0095,[00000000000000]
0096,[00000000000000]
0097,[00000000000000]
0098,[00000000000000]
0099,[00000000000000]
0100,[00000000000000]
0101,[00000000000000]
0102,[00000000000000]
0103,[00000000000000]
0104,[00000000000000]
0105,[00000000000000]
0106,[00000000000000]
0107,[00000000000000]
0108,[00000000000000]
0109,[00000000000000]
0110,[00000000000000]
0111,[00000000000000]
0112,[00000000000000]
0113,[00000000000000]
0114,[00000000000000]
0115,[00000000000000]
0116,[00000000000000]
0117,[00000000000000]
0118,[00000000000000]
0119,[00000000000000]
0120,[00000000000000]
0121,[00000000000000]
0122,[00000000000000]
0123,[00000000000000]
0124,[00000000000000]
0125,[00000000000000]
0126,[00000000000000]
0127,[00000000000000]
0128,[00000000000000]
0129,[00000000000000]
0130,[00000000000000]
0131,[00000000000000]
0132,[00000000000000]
0133,[00000000000000]
0134,[00000000000000]
0135,[00000000000000]
0136,[00000000000000]
0137,[00000000000000]
0138,[00000000000000]
0139,[00000000000000]
0140,[00000000000000]
0141,[00000000000000]
0142,[00000000000000]
0143,[00000000000000]
0144,[00000000000000]
0145,[00000000000000]
0146,[00000000000000]
0147,[00000000000000]
0148,[00000000000000]
0149,[00000000000000]
0150,[00000000000000]
0151,[00000000000000]
0152,[00000000000000]
0153,[00000000000000]
0154,[00000000000000]
0155,[00000000000000]
0156,[00000000000000]
0157,[00000000000000]
0158,[00000000000000]
0159,[00000000000000]
0160,[00000000000000]
0161,[00000000000000]
0162,[00000000000000]
0163,[00000000000000]
0164,[00000000000000]
0165,[00000000000000]
0166,[00000000000000]
0167,[00000000000000]
0168,[00000000000000]
0169,[00000000000000]
0170,[00000000000000]
0171,[00000000000000]
0172,[00000000000000]
0173,[00000000000000]
0174,[00000000000000]
0175,[00000000000000]
0176,[00000000000000]
0177,[00000000000000]
0178,[00000000000000]
0179,[00000000000000]
0180,[00000000000000]
0181,[00000000000000]
0182,[00000000000000]
0183,[00000000000000]
0184,[00000000000000]
0185,[00000000000000]
0186,[00000000000000]
0187,[00000000000000]
0188,[00000000000000]
0189,[00000000000000]
0190,[00000000000000]
0191,[00000000000000]
0192,[00000000000000]
0193,[00000000000000]
0194,[00000000000000]
0195,[00000000000000]
0196,[00000000000000]
0197,[00000000000000]
0198,[00000000000000]
0199,[00000000000000]
0200,[00000000000000]
0201,[00000000000000]
0202,[00000000000000]
0203,[00000000000000]
0204,[00000000000000]
0205,[00000000000000]
0206,[00000000000000]
0207,[00000000000000]
0208,[00000000000000]
0209,[00000000000000]
0210,[00000000000000]
0211,[00000000000000]
0212,[00000000000000]
0213,[00000000000000]
0214,[00000000000000]
0215,[00000000000000]
0216,[00000000000000]
0217,[00000000000000]
0218,[00000000000000]
0219,[00000000000000]
0220,[00000000000000]
0221,[00000000000000]
0222,[00000000000000]
0223,[00000000000000]
0224,[00000000000000]
0225,[00000000000000]
0226,[00000000000000]
0227,[00000000000000]
0228,[00000000000000]
0229,[00000000000000]
0230,[00000000000000]
0231,[00000000000000]
0232,[00000000000000]
0233,[00000000000000]
0234,[00000000000000]
0235,[00000000000000]
0236,[00000000000000]
0237,[00000000000000]
0238,[00000000000000]
0239,[00000000000000]
0240,[00000000000000]
0241,[00000000000000]
0242,[00000000000000]
0243,[00000000000000]
0244,[00000000000000]
0245,[00000000000000]
0246,[00000000000000]
0247,[00000000000000]
0248,[00000000000000]
0249,[00000000000000]
0250,[00000000000000]
0251,[00000000000000]
0252,[00000000000000]
0253,[00000000000000]
0254,[00000000000000]
0255,[00000000000000]
0256,[00000000000000]
0257,[00000000000000]
0258,[00000000000000]
0259,[00000000000000]
0260,[00000000000000]
0261,[00000000000000]
0262,[00000000000000]
0263,[00000000000000]
0264,[00000000000000]
0265,[00000000000000]
0266,[00000000000000]
0267,[00000000000000]
0268,[00000000000000]
0269,[00000000000000]
0270,[00000000000000]
0271,[00000000000000]
0272,[00000000000000]
0273,[00000000000000]
0274,[00000000000000]
0275,[00000000000000]
0276,[00000000000000]
0277,[00000000000000]
0278,[00000000000000]
0279,[00000000000000]
0280,[00000000000000]
0281,[00000000000000]
0282,[00000000000000]
0283,[00000000000000]
0284,[00000000000000]
0285,[00000000000000]
0286,[00000000000000]
0287,[00000000000000]
0288,[00000000000000]
0289,[00000000000000]
0290,[00000000000000]
0291,[00000000000000]
0292,[00000000000000]
0293,[00000000000000]
0294,[00000000000000]
0295,[00000000000000]
0296,[00000000000000]
0297,[00000000000000]
0298,[00000000000000]
0299,[00000000000000]
0300,[00000000000000]
0301,[00000000000000]
0302,[00000000000000]
0303,[00000000000000]
0304,[00000000000000]
0305,[00000000000000]
0306,[00000000000000]
0307,[00000000000000]
0308,[00000000000000]
0309,[00000000000000]
0310,[00000000000000]
0311,[00000000000000]
0312,[00000000000000]
0313,[00000000000000]
0314,[00000000000000]
0315,[00000000000000]
0316,[00000000000000]
0317,[00000000000000]
0318,[00000000000000]
0319,[00000000000000]
0320,[00000000000000]
0321,[00000000000000]
0322,[00000000000000]
0323,[00000000000000]
0324,[00000000000000]
0325,[00000000000000]
0326,[00000000000000]
0327,[00000000000000]
0328,[00000000000000]
0329,[00000000000000]
0330,[00000000000000]
0331,[00000000000000]
0332,[00000000000000]
0333,[00000000000000]
0334,[00000000000000]
0335,[00000000000000]
0336,[00000000000000]
0337,[00000000000000]
0338,[00000000000000]
0339,[00000000000000]
0340,[00000000000000]
0341,[00000000000000]
0342,[00000000000000]
0343,[00000000000000]
0344,[00000000000000]
0345,[00000000000000]
0346,[00000000000000]
0347,[00000000000000]
0348,[00000000000000]
0349,[00000000000000]
0350,[00000000000000]
0351,[00000000000000]
0352,[00000000000000]
0353,[00000000000000]
0354,[00000000000000]
0355,[00000000000000]
0356,[00000000000000]
0357,[00000000000000]
0358,[00000000000000]
0359,[00000000000000]
0360,[00000000000000]
0361,[00000000000000]
0362,[00000000000000]
0363,[00000000000000]
0364,[00000000000000]
0365,[00000000000000]
0366,[00000000000000]
0367,[00000000000000]
0368,[00000000000000]
0369,[00000000000000]
0370,[00000000000000]
0371,[00000000000000]
0372,[00000000000000]
0373,[00000000000000]
0374,[00000000000000]
0375,[00000000000000]
0376,[00000000000000]
0377,[00000000000000]
0378,[00000000000000]
0379,[00000000000000]
0380,[00000000000000]
0381,[00000000000000]
0382,[00000000000000]
0383,[00000000000000]
0384,[00000000000000]
0385,[00000000000000]
0386,[00000000000000]
0387,[00000000000000]
0388,[00000000000000]
0389,[00000000000000]
0390,[00000000000000]
0391,[00000000000000]
0392,[00000000000000]
0393,[00000000000000]
0394,[00000000000000]
0395,[00000000000000]
0396,[00000000000000]
0397,[00000000000000]
0398,[00000000000000]
0399,[00000000000000]
0400,[00000000000000]
0401,[00000000000000]
0402,[00000000000000]
0403,[00000000000000]
0404,[00000000000000]
0405,[00000000000000]
0406,[00000000000000]
0407,[00000000000000]
0408,[00000000000000]
0409,[00000000000000]
0410,[00000000000000]
0411,[00000000000000]
0412,[00000000000000]
0413,[00000000000000]
0414,[00000000000000]
0415,[00000000000000]
0416,[00000000000000]
0417,[00000000000000]
0418,[00000000000000]
0419,[00000000000000]
0420,[00000000000000]
0421,[00000000000000]
0422,[00000000000000]
0423,[00000000000000]
0424,[00000000000000]
0425,[00000000000000]
0426,[00000000000000]
0427,[00000000000000]
0428,[00000000000000]
0429,[00000000000000]
0430,[00000000000000]
0431,[00000000000000]
0432,[00000000000000]
0433,[00000000000000]
0434,[00000000000000]
0435,[00000000000000]
0436,[00000000000000]
0437,[00000000000000]
0438,[00000000000000]
0439,[00000000000000]
0440,[00000000000000]
0441,[00000000000000]
0442,[00000000000000]
0443,[00000000000000]
0444,[00000000000000]
0445,[00000000000000]
0446,[00000000000000]
0447,[00000000000000]
0448,[00000010000000]
0449,[00000010000000]
0450,[00000010000000]
0451,[00000010000000]
0452,[00000010000000]
0453,[00000010000000]
0454,[00000010000000]
0455,[00000010000000]
0456,[00000010000000]
0457,[00000010000000]
0458,[00000010000000]
0459,[00000010000000]
0460,[00000010000000]
0461,[00000010000000]
0462,[00000010000000]
0463,[00000010000000]
0464,[00000010000000]
0465,[00000010000000]
0466,[00000010000000]
0467,[00000010000000]
0468,[00000010000000]
0469,[00000010000000]
0470,[00000010000000]
0471,[00000010000000]
0472,[00000010000000]
0473,[00000010000000]
0474,[00000010000000]
0475,[00000010000000]
0476,[00000010000000]
0477,[00000010000000]
0478,[00000010000000]
0479,[00000010000000]
0480,[00000010000000]
0481,[00000010000000]
0482,[00000010000000]
0483,[00000010000000]
0484,[00000010000000]
0485,[00000010000000]
0486,[00000010000000]
0487,[00000010000000]
0488,[00000010000000]
0489,[00000010000000]
0490,[00000010000000]
0491,[00000010000000]
0492,[00000010000000]
0493,[00000010000000]
0494,[00000010000000]
0495,[00000010000000]
0496,[00000010000000]
0497,[00000010000000]
0498,[00000010000000]
0499,[00000010000000]
0500,[00000010000000]
0501,[00000010000000]
0502,[00000010000000]
0503,[00000010000000]
0504,[00000010000000]
0505,[00000010000000]
0506,[00000010000000]
0507,[00000010000000]
0508,[00000010000000]
0509,[00000010000000]
0510,[00000010000000]
0511,[00000010000000]
0512,[00000010000000]
0513,[00000010000000]
0514,[00000010000000]
0515,[00000010000000]
0516,[00000010000000]
0517,[00000010000000]
0518,[00000010000000]
0519,[00000010000000]
0520,[00000010000000]
0521,[00000010000000]
0522,[00000010000000]
0523,[00000010000000]
0524,[00000010000000]
0525,[00000010000000]
0526,[00000010000000]
0527,[00000010000000]
0528,[00000010000000]
0529,[00000010000000]
0530,[00000010000000]
0531,[00000010000000]
0532,[00000010000000]
0533,[00000010000000]
0534,[00000010000000]
0535,[00000010000000]
0536,[00000010000000]
0537,[00000010000000]
0538,[00000010000000]
0539,[00000010000000]
0540,[00000010000000]
0541,[00000010000000]
0542,[00000010000000]
0543,[00000010000000]
0544,[00000010000000]
0545,[00000010000000]
0546,[00000010000000]
0547,[00000010000000]
0548,[00000010000000]
0549,[00000010000000]
0550,[00000010000000]
0551,[00000010000000]
0552,[00000010000000]
0553,[00000010000000]
0554,[00000010000000]
0555,[00000010000000]
0556,[00000010000000]
0557,[00000010000000]
0558,[00000010000000]
0559,[00000010000000]
0560,[00000010000000]
0561,[00000010000000]
0562,[00000010000000]
0563,[00000010000000]
0564,[00000010000000]
0565,[00000010000000]
0566,[00000010000000]
0567,[00000010000000]
0568,[00000010000000]
0569,[00000010000000]
0570,[00000010000000]
0571,[00000010000000]
0572,[00000010000000]
0573,[00000010000000]
0574,[00000010000000]
0575,[00000010000000]
0576,[00000010000000]
0577,[00000010000000]
0578,[00000010000000]
0579,[00000010000000]
0580,[00000010000000]
0581,[00000010000000]
0582,[00000010000000]
0583,[00000010000000]
0584,[00000010000000]
0585,[00000010000000]
0586,[00000010000000]
0587,[00000010000000]
0588,[00000010000000]
0589,[00000010000000]
0590,[00000010000000]
0591,[00000010000000]
0592,[00000010000000]
0593,[00000010000000]
0594,[00000010000000]
0595,[00000010000000]
0596,[00000010000000]
0597,[00000010000000]
0598,[00000000010000]
0599,[00000000010000]
0600,[00000000010000]
0601,[00000000010000]
0602,[00000000010000]
0603,[00000000010000]
0604,[00000000010000]
0605,[00000000010000]
0606,[00000000010000]
0607,[00000000010000]
0608,[00000000010000]
0609,[00000000010000]
0610,[00000000010000]
0611,[00000000010000]
0612,[00000000010000]
0613,[00000000010000]
0614,[00000000010000]
0615,[00000000010000]
0616,[00000000010000]
0617,[00000000010000]
0618,[00000000010000]
0619,[00000000010000]
0620,[00000000010000]
0621,[00000000010000]
0622,[00000000010000]
0623,[00000000010000]
0624,[00000000010000]
0625,[00000000010000]
0626,[00000000010000]
0627,[00000000010000]
0628,[00000000010000]
0629,[00000000010000]
0630,[00000000010000]
0631,[00000000010000]
0632,[00000000010000]
0633,[00000000010000]
0634,[00000000010000]
0635,[00000000010000]
0636,[00000000010000]
0637,[00000000010000]
0638,[00000000010000]
0639,[00000000010000]
0640,[00000000010000]
0641,[00000000010000]
0642,[00000000010000]
0643,[00000000010000]
0644,[00000000010000]
0645,[00000000010000]
0646,[00000000010000]
0647,[00000000010000]
0648,[00000000010000]
0649,[00000000010000]
0650,[00000000010000]
0651,[00000000010000]
0652,[00000000010000]
0653,[00000000010000]
0654,[00000000010000]
0655,[00000000010000]
0656,[00000000010000]
0657,[00000000010000]
0658,[00000000010000]
0659,[00000000010000]
0660,[00000000010000]
0661,[00000000010000]
0662,[00000000010000]
0663,[00000000010000]
0664,[00000000010000]
0665,[00000000010000]
0666,[00000000010000]
0667,[00000000010000]
0668,[00000000010000]
0669,[00000000010000]
0670,[00000000010000]
0671,[00000000010000]
0672,[00000000010000]
0673,[00000000010000]
0674,[00000000010000]
0675,[00000000010000]
0676,[00000000010000]
0677,[00000000010000]
0678,[00000000010000]
0679,[00000000010000]
0680,[00000000010000]
0681,[00000000010000]
0682,[00000000010000]
0683,[00000000010000]
0684,[00000000010000]
0685,[00000000010000]
0686,[00000000010000]
0687,[00000000010000]
0688,[00000000010000]
0689,[00000000010000]
0690,[00000000010000]
0691,[00000000010000]
0692,[00000000010000]
0693,[00000000010000]
0694,[00000000010000]
0695,[00000000010000]
0696,[00000000010000]
0697,[00000000010000]
0698,[00000000010000]
0699,[00000000010000]
0700,[00000000010000]
0701,[00000000010000]
0702,[00000000010000]
0703,[00000000010000]
0704,[00000000010000]
0705,[00000000010000]
0706,[00000000010000]
0707,[00000000010000]
0708,[00000000010000]
0709,[00000000010000]
0710,[00000000010000]
0711,[00000000010000]
0712,[00000000010000]
0713,[00000000010000]
0714,[00000000010000]
0715,[00000000010000]
0716,[00000000010000]
0717,[00000000010000]
0718,[00000000010000]
0719,[00000000010000]
0720,[00000000010000]
0721,[00000000010000]
0722,[00000000010000]
0723,[00000000010000]
0724,[00000000010000]
0725,[00000000010000]
0726,[00000000010000]
0727,[00000000010000]
0728,[00000000010000]
0729,[00000000010000]
0730,[00000000010000]
0731,[00000000010000]
0732,[00000000010000]
0733,[00000000010000]
0734,[00000000010000]
0735,[00000000010000]
0736,[00000000010000]
0737,[00000000010000]
0738,[00000000010000]
0739,[00000000010000]
0740,[00000000010000]
0741,[00000000010000]
0742,[00000000010000]
0743,[00000000010000]
0744,[00000000010000]
0745,[00000000010000]
0746,[00000000010000]
0747,[00000000010000]
0748,[00000000100000]
0749,[00000000100000]
0750,[00000000100000]
0751,[00000000100000]
0752,[00000000100000]
0753,[00000000100000]
0754,[00000000100000]
0755,[00000000100000]
0756,[00000000100000]
0757,[00000000100000]
0758,[00000000100000]
0759,[00000000100000]
0760,[00000000100000]
0761,[00000000100000]
0762,[00000000100000]
0763,[00000000100000]
0764,[00000000100000]
0765,[00000000100000]
0766,[00000000100000]
0767,[00000000100000]
0768,[00000000100000]
0769,[00000000100000]
0770,[00000000100000]
0771,[00000000100000]
0772,[00000000100000]
0773,[00000000100000]
0774,[00000000100000]
0775,[00000000100000]
0776,[00000000100000]
0777,[00000000100000]
0778,[00000000100000]
0779,[00000000100000]
0780,[00000000100000]
0781,[00000000100000]
0782,[00000000100000]
0783,[00000000100000]
0784,[00000000100000]
0785,[00000000010000]
0786,[00000000010000]
0787,[00000000010000]
0788,[00000000010000]
0789,[00000000010000]
0790,[00000000010000]
0791,[00000000010000]
0792,[00000000010000]
0793,[00000000010000]
0794,[00000000010000]
0795,[00000000010000]
0796,[00000000010000]
0797,[00000000010000]
0798,[00000000010000]
0799,[00000000010000]
0800,[00000000100000]
0801,[00000000100000]
0802,[00000000100000]
0803,[00000000100000]
0804,[00000000100000]
0805,[00000000100000]
0806,[00000000100000]
0807,[00000000100000]
0808,[00000000100000]
0809,[00000000100000]
0810,[00000000100000]
0811,[00000000100000]
0812,[00000000100000]
0813,[00000000100000]
0814,[00000000100000]
0815,[00000000100000]
0816,[00000000100000]
0817,[00000000100000]
0818,[00000000100000]
0819,[00000000100000]
0820,[00000000100000]
0821,[00000000100000]
0822,[00000000100000]
0823,[00000000100000]
0824,[00000000100000]
0825,[00000000100000]
0826,[00000000100000]
0827,[00000000100000]
0828,[00000000100000]
0829,[00000000100000]
0830,[00000000100000]
0831,[00000000100000]
0832,[00000000100000]
0833,[00000000100000]
0834,[00000000100000]
0835,[00000000100000]
0836,[00000000100000]
0837,[00000000100000]
0838,[00000000100000]
0839,[00000000100000]
0840,[00000000100000]
0841,[00000000100000]
0842,[00000000100000]
0843,[00000000100000]
0844,[00000000100000]
0845,[00000000100000]
0846,[00000000100000]
0847,[00000000100000]
0848,[00000000100000]
0849,[00000000100000]
0850,[00000000100000]
0851,[00000000100000]
0852,[00000000100000]
0853,[00000000100000]
0854,[00000000100000]
0855,[00000000100000]
0856,[00000000100000]
0857,[00000000100000]
0858,[00000000100000]
0859,[00000000100000]
0860,[00000000100000]
0861,[00000000100000]
0862,[00000000100000]
0863,[00000000100000]
0864,[00000000100000]
0865,[00000000100000]
0866,[00000000100000]
0867,[00000000100000]
0868,[00000000100000]
0869,[00000000100000]
0870,[00000000100000]
0871,[00000000100000]
0872,[00000000100000]
0873,[00000000100000]
0874,[00000000100000]
0875,[00000000100000]
0876,[00000000100000]
0877,[00000000100000]
0878,[00000000100000]
0879,[00000000100000]
0880,[00000000100000]
0881,[00000000100000]
0882,[00000000100000]
0883,[00000000100000]
0884,[00000000100000]
0885,[00000000100000]
0886,[00000000100000]
0887,[00000000100000]
0888,[00000000100000]
0889,[00000000100000]
0890,[00000000100000]
0891,[00000000100000]
0892,[00000000100000]
0893,[00000000100000]
0894,[00000000100000]
0895,[00000000100000]
0896,[00000000000100]
0897,[00000000000100]
0898,[00000000000100]
0899,[00000000000100]
0900,[00000000000100]
0901,[00000000000100]
0902,[00000000000100]
0903,[00000000000100]
0904,[00000000000100]
0905,[00000000000100]
0906,[00000000000100]
0907,[00000000000100]
0908,[00000000000100]
0909,[00000000000100]
0910,[00000000000100]
0911,[00000000000100]
0912,[00000000000100]
0913,[00000000000100]
0914,[00000000000100]
0915,[00000000000100]
0916,[00000000000100]
0917,[00000000000100]
0918,[00000000000100]
0919,[00000000000100]
0920,[00000000000100]
0921,[00000000000100]
0922,[00000000000100]
0923,[00000000000100]
0924,[00000000000100]
0925,[00000000000100]
0926,[00000000000100]
0927,[00000000000100]
0928,[00000000000100]
0929,[00000000000100]
0930,[00000000000100]
0931,[00000000000100]
0932,[00000000000100]
0933,[00000000000100]
0934,[00000000000100]
0935,[00000000000100]
0936,[00000000000100]
0937,[00000000000100]
0938,[00000000000100]
0939,[00000000000100]
0940,[00000000000100]
0941,[00000000000100]
0942,[00000000000100]
0943,[00000000000100]
0944,[00000000000100]
0945,[00000000000100]
0946,[00000000000100]
0947,[00000000000100]
0948,[00000000000100]
0949,[00000000000100]
0950,[00000000000100]
0951,[00000000000100]
0952,[00000000000100]
0953,[00000000000100]
0954,[00000000000100]
0955,[00000000000100]
0956,[00000000000100]
0957,[00000000000100]
0958,[00000000000100]
0959,[00000000000100]
0960,[00000000000100]
0961,[00000000000100]
0962,[00000000000100]
0963,[00000000000100]
0964,[00000000000100]
0965,[00000000000100]
0966,[00000000000100]
0967,[00000000000100]
0968,[00000000000100]
0969,[00000000000100]
0970,[00000000000100]
0971,[00000000000100]
0972,[00000000000100]
0973,[00000000000100]
0974,[00000000000100]
0975,[00000000000100]
0976,[00000000000100]
0977,[00000000000100]
0978,[00000000000100]
0979,[00000000000100]
0980,[00000000000100]
0981,[00000000000100]
0982,[00000000000100]
0983,[00000000000100]
0984,[00000000000100]
0985,[00000000000100]
0986,[00000000000100]
0987,[00000000000100]
0988,[00000000000100]
0989,[00000000000100]
0990,[00000000000100]
0991,[00000000000100]
0992,[00000000000100]
0993,[00000000000100]
0994,[00000000000100]
0995,[00000000000100]
0996,[00000000000100]
0997,[00000000000100]
0998,[00000000010000]
0999,[00000000010000]
1000,[00000000010000]
1001,[00000000010000]
1002,[00000000010000]
1003,[00000000010000]
1004,[00000000010000]
1005,[00000000010000]
1006,[00000000010000]
1007,[00000000010000]
1008,[00000000000100]
1009,[00000000000100]
1010,[00000000000100]
1011,[00000000000100]
1012,[00000000000100]
1013,[00000000000100]
1014,[00000000000100]
1015,[00000000000100]
1016,[00000000000100]
1017,[00000000000100]
1018,[00000000000100]
1019,[00000000000100]
1020,[00000000000100]
1021,[00000000000100]
1022,[00000000000100]
1023,[00000000000100]
1024,[00000000000100]
1025,[00000000000100]
1026,[00000000000100]
1027,[00000000000100]
1028,[00000000000100]
1029,[00000000000100]
1030,[00000000000100]
1031,[00000000000100]
1032,[00000000000100]
1033,[00000000000100]
1034,[00000000000100]
1035,[00000000000100]
1036,[00000000000100]
1037,[00000000000100]
1038,[00000000000100]
1039,[00000000000100]
1040,[00000000000100]
1041,[00000000000100]
1042,[00000000000100]
1043,[00000000000100]
1044,[00000000000100]
1045,[00000000000010]
1046,[00000000000010]
1047,[00000000000010]
1048,[00000000000010]
1049,[00000000000010]
1050,[00000000000010]
1051,[00000000000010]
1052,[00000000000010]
1053,[00000000000010]
1054,[00000000000010]
1055,[00000000000010]
1056,[00000000000010]
1057,[00000000000010]
1058,[00000000000010]
1059,[00000000000010]
1060,[00000000000010]
1061,[00000000000010]
1062,[00000000000010]
1063,[00000000000010]
1064,[00000000000010]
1065,[00000000000010]
1066,[00000000000010]
1067,[00000000000010]
1068,[00000000000010]
1069,[00000000000010]
1070,[00000000000010]
1071,[00000000000010]
1072,[00000000000010]
1073,[00000000000010]
1074,[00000000000010]
1075,[00000000000010]
1076,[00000000000010]
1077,[00000000000010]
1078,[00000000000010]
1079,[00000000000010]
1080,[00000000000010]
1081,[00000000000010]
1082,[00000000000010]
1083,[00000000000010]
1084,[00000000000010]
1085,[00000000000010]
1086,[00000000000010]
1087,[00000000000010]
1088,[00000000000010]
1089,[00000000000010]
1090,[00000000000010]
1091,[00000000000010]
1092,[00000000000010]
1093,[00000000000010]
1094,[00000000000010]
1095,[00000000000010]
1096,[00000000000010]
1097,[00000000000010]
1098,[00000000000010]
1099,[00000000000010]
1100,[00000000000010]
1101,[00000000000010]
1102,[00000000000010]
1103,[00000000000010]
1104,[00000000000010]
1105,[00000000000010]
1106,[00000000000010]
1107,[00000000000010]
1108,[00000000000010]
1109,[00000000000010]
1110,[00000000000010]
1111,[00000000000010]
1112,[00000000000010]
1113,[00000000000010]
1114,[00000000000010]
1115,[00000000000010]
1116,[00000000000010]
1117,[00000000000010]
1118,[00000000000010]
1119,[00000000000010]
1120,[00000000000010]
1121,[00000000000010]
1122,[00000000000010]
1123,[00000000000010]
1124,[00000000000010]
1125,[00000000000010]
1126,[00000000000010]
1127,[00000000000010]
1128,[00000000000010]
1129,[00000000000010]
1130,[00000000000010]
1131,[00000000000010]
1132,[00000000000010]
1133,[00000000000010]
1134,[00000000000010]
1135,[00000000000010]
1136,[00000000000010]
1137,[00000000000010]
1138,[00000000000010]
1139,[00000000000010]
1140,[00000000000010]
1141,[00000000000010]
1142,[00000000000010]
1143,[00000000000010]
1144,[00000000000010]
1145,[00000000000010]
1146,[00000000000010]
1147,[00000000000010]
1148,[00000000000010]
1149,[00000000000010]
1150,[00000000000010]
1151,[00000000000010]
1152,[00000000000010]
1153,[00000000000010]
1154,[00000000000010]
1155,[00000000000010]
1156,[00000000000010]
1157,[00000000000010]
1158,[00000000000010]
1159,[00000000000010]
1160,[00000000000010]
1161,[00000000000010]
1162,[00000000000010]
1163,[00000000000010]
1164,[00000000000010]
1165,[00000000000010]
1166,[00000000000010]
1167,[00000000000010]
1168,[00000000000010]
1169,[00000000000010]
1170,[00000000000010]
1171,[00000000000010]
1172,[00000000000010]
1173,[00000000000010]
1174,[00000000000010]
1175,[00000000000010]
1176,[00000000000010]
1177,[00000000000010]
1178,[00000000000010]
1179,[00000000000010]
1180,[00000000000010]
1181,[00000000000010]
1182,[00000000000010]
1183,[00000000000010]
1184,[00000000000010]
1185,[00000000000010]
1186,[00000000000010]
1187,[00000000000010]
1188,[00000000000010]
1189,[00000000000010]
1190,[00000000000010]
1191,[00000000000010]
1192,[00000000000010]
1193,[00000000000010]
1194,[00000000000010]
1195,[00000000000001]
1196,[00000000000001]
1197,[00000000000001]
1198,[00000000000001]
1199,[00000000000001]
1200,[00000000000001]
1201,[00000000000001]
1202,[00000000000001]
1203,[00000000000001]
1204,[00000000000001]
1205,[00000000000001]
1206,[00000000000001]
1207,[00000000000001]
1208,[00000000000001]
1209,[00000000000001]
1210,[00000000000001]
1211,[00000000000001]
1212,[00000000000001]
1213,[00000000000001]
1214,[00000000000001]
1215,[00000000000001]
1216,[00000000000001]
1217,[00000000000001]
1218,[00000000000001]
1219,[00000000000001]
1220,[00000000000001]
1221,[00000000000001]
1222,[00000000000001]
1223,[00000000000001]
1224,[00000000000001]
1225,[00000000000001]
1226,[00000000000001]
1227,[00000000000001]
1228,[00000000000001]
1229,[00000000000001]
1230,[00000000000001]
1231,[00000000000001]
1232,[00000000000001]
1233,[00000000000001]
1234,[00000000000001]
1235,[00000000000001]
1236,[00000000000001]
1237,[00000000000001]
1238,[00000000000001]
1239,[00000000000001]
1240,[00000000000001]
1241,[00000000000001]
1242,[00000000000001]
1243,[00000000000001]
1244,[00000000000001]
1245,[00000000000001]
1246,[00000000000001]
1247,[00000000000001]
1248,[00000000000001]
1249,[00000000000001]
1250,[00000000000001]
1251,[00000000000001]
1252,[00000000000001]
1253,[00000000000001]
1254,[00000000000001]
1255,[00000000000001]
1256,[00000000000001]
1257,[00000000000001]
1258,[00000000000001]
1259,[00000000000001]
1260,[00000000000001]
1261,[00000000000001]
1262,[00000000000001]
1263,[00000000000001]
1264,[00000000000001]
1265,[00000000000001]
1266,[00000000000001]
1267,[00000000000001]
1268,[00000000000001]
1269,[00000000000001]
1270,[00000000000001]
1271,[00000000000001]
1272,[00000000000001]
1273,[00000000000001]
1274,[00000000000001]
1275,[00000000000001]
1276,[00000000000001]
1277,[00000000000001]
1278,[00000000000001]
1279,[00000000000001]
1280,[00000000000001]
1281,[00000000000001]
1282,[00000000000001]
1283,[00000000000001]
1284,[00000000000001]
1285,[00000000000001]
1286,[00000000000001]
1287,[00000000000001]
1288,[00000000000001]
1289,[00000000000001]
1290,[00000000000001]
1291,[00000000000001]
1292,[00000000000001]
1293,[00000000000001]
1294,[00000000000001]
1295,[00000000000001]
1296,[00000000000001]
1297,[00000000000001]
1298,[00000000000001]
1299,[00000000000001]
1300,[00000000000001]
1301,[00000000000001]
1302,[00000000000001]
1303,[00000000000001]
1304,[00000000000001]
1305,[00000000000001]
1306,[00000000000001]
1307,[00000000000001]
1308,[00000000000001]
1309,[00000000000001]
1310,[00000000000001]
1311,[00000000000001]
1312,[00000000000001]
1313,[00000000000001]
1314,[00000000000001]
1315,[00000000000001]
1316,[00000000000001]
1317,[00000000000001]
1318,[00000000000001]
1319,[00000000000001]
1320,[00000000000001]
1321,[00000000000001]
1322,[00000000000001]
1323,[00000000000001]
1324,[00000000000001]
1325,[00000000000001]
1326,[00000000000001]
1327,[00000000000001]
1328,[00000000000001]
1329,[00000000000001]
1330,[00000000000001]
1331,[00000000000001]
1332,[00000000000001]
1333,[00000000000001]
1334,[00000000000001]
1335,[00000000000001]
1336,[00000000000001]
1337,[00000000000001]
1338,[00000000000001]
1339,[00000000000001]
1340,[00000000000001]
1341,[00000000001000]
1342,[00000000001000]
1343,[00000000001000]
1344,[00000000001000]
1345,[00000000001000]
1346,[00000000001000]
1347,[00000000001000]
1348,[00000000001000]
1349,[00000000001000]
1350,[00000000001000]
1351,[00000000001000]
1352,[00000000001000]
1353,[00000000001000]
1354,[00000000001000]
1355,[00000000001000]
1356,[00000000001000]
1357,[00000000001000]
1358,[00000000001000]
1359,[00000000001000]
1360,[00000000001000]
1361,[00000000001000]
1362,[00000000001000]
1363,[00000000001000]
1364,[00000000001000]
1365,[00000000001000]
1366,[00000000001000]
1367,[00000000001000]
1368,[00000000001000]
1369,[00000000001000]
1370,[00000000001000]
1371,[00000000001000]
1372,[00000000001000]
1373,[00000000001000]
1374,[00000000001000]
1375,[00000000001000]
1376,[00000000001000]
1377,[00000000001000]
1378,[00000000001000]
1379,[00000000001000]
1380,[00000000001000]
1381,[00000000001000]
1382,[00000000001000]
1383,[00000000001000]
1384,[00000000001000]
1385,[00000000001000]
1386,[00000000001000]
1387,[00000000001000]
1388,[00000000001000]
1389,[00000000001000]
1390,[00000000001000]
1391,[00000000001000]
1392,[00000000001000]
1393,[00000000001000]
1394,[00000000001000]
1395,[00000000001000]
1396,[00000000001000]
1397,[00000000001000]
1398,[00000000001000]
1399,[00000000001000]
1400,[00000000001000]
1401,[00000000001000]
1402,[00000000001000]
1403,[00000000001000]
1404,[00000000001000]
1405,[00000000001000]
1406,[00000000001000]
1407,[00000000001000]
1408,[00000000001000]
1409,[00000000001000]
1410,[00000000001000]
1411,[00000000001000]
1412,[00000000001000]
1413,[00000000001000]
1414,[00000000001000]
1415,[00000000001000]
1416,[00000000001000]
1417,[00000000001000]
1418,[00000000001000]
1419,[00000000001000]
1420,[00000000001000]
1421,[00000000001000]
1422,[00000000001000]
1423,[00000000001000]
1424,[00000000001000]
1425,[00000000001000]
1426,[00000000001000]
1427,[00000000001000]
1428,[00000000001000]
1429,[00000000001000]
1430,[00000000001000]
1431,[00000000001000]
1432,[00000000001000]
1433,[00000000001000]
1434,[00000000001000]
1435,[00000000001000]
1436,[00000000001000]
1437,[00000000001000]
1438,[00000000001000]
1439,[00000000001000]
1440,[00000000001000]
1441,[00000000001000]
1442,[00000000001000]
1443,[00000000001000]
1444,[00000000001000]
1445,[00000000001000]
1446,[00000000001000]
1447,[00000000001000]
1448,[00000000001000]
1449,[00000000001000]
1450,[00000000001000]
1451,[00000000001000]
1452,[00000000001000]
1453,[00000000001000]
1454,[00000000001000]
1455,[00000000001000]
1456,[00000000001000]
1457,[00000000001000]
1458,[00000000001000]
1459,[00000000001000]
1460,[00000000001000]
1461,[00000000001000]
1462,[00000000001000]
1463,[00000000001000]
1464,[00000000001000]
1465,[00000000001000]
1466,[00000000001000]
1467,[00000000001000]
1468,[00000000001000]
1469,[00000000001000]
1470,[00000000001000]
1471,[00000000001000]
1472,[00000000001000]
1473,[00000000001000]
1474,[00000000001000]
1475,[00000000001000]
1476,[00000000001000]
1477,[00000000001000]
1478,[00000000001000]
1479,[00000000001000]
1480,[00000000001000]
1481,[00000000001000]
1482,[00000000001000]
1483,[00000000001000]
1484,[00000000001000]
1485,[00000000001000]
1486,[00000000001000]
1487,[00000000001000]
1488,[00000000001000]
1489,[00000000001000]
1490,[00000000001000]
1491,[00000000001000]
1492,[00000001000000]
1493,[00000001000000]
1494,[00000001000000]
1495,[00000001000000]
1496,[00000001000000]
1497,[00000001000000]
1498,[00000001000000]
1499,[00000001000000]
1500,[00000001000000]
1501,[00000001000000]
1502,[00000001000000]
1503,[00000001000000]
1504,[00000001000000]
1505,[00000001000000]
1506,[00000001000000]
1507,[00000001000000]
1508,[00000001000000]
1509,[00000001000000]
1510,[00000001000000]
1511,[00000001000000]
1512,[00000001000000]
1513,[00000001000000]
1514,[00000001000000]
1515,[00000001000000]
1516,[00000001000000]
1517,[00000001000000]
1518,[00000001000000]
1519,[00000001000000]
1520,[00000001000000]
1521,[00000001000000]
1522,[00000001000000]
1523,[00000001000000]
1524,[00000001000000]
1525,[00000001000000]
1526,[00000001000000]
1527,[00000001000000]
1528,[00000001000000]
1529,[00000001000000]
1530,[00000001000000]
1531,[00000001000000]
1532,[00000001000000]
1533,[00000001000000]
1534,[00000001000000]
1535,[00000001000000]
1536,[00000001000000]
1537,[00000001000000]
1538,[00000001000000]
1539,[00000001000000]
1540,[00000001000000]
1541,[00000001000000]
1542,[00000001000000]
1543,[00000001000000]
1544,[00000001000000]
1545,[00000001000000]
1546,[00000001000000]
1547,[00000001000000]
1548,[00000001000000]
1549,[00000001000000]
1550,[00000001000000]
1551,[00000001000000]
1552,[00000001000000]
1553,[00000001000000]
1554,[00000001000000]
1555,[00000001000000]
1556,[00000001000000]
1557,[00000001000000]
1558,[00000001000000]
1559,[00000001000000]
1560,[00000001000000]
1561,[00000001000000]
1562,[00000001000000]
1563,[00000001000000]
1564,[00000001000000]
1565,[00000001000000]
1566,[00000001000000]
1567,[00000001000000]
1568,[00000001000000]
1569,[00000001000000]
1570,[00000001000000]
1571,[00000001000000]
1572,[00000001000000]
1573,[00000001000000]
1574,[00000001000000]
1575,[00000001000000]
1576,[00000001000000]
1577,[00000001000000]
1578,[00000001000000]
1579,[00000001000000]
1580,[00000001000000]
1581,[00000001000000]
1582,[00000001000000]
1583,[00000001000000]
1584,[00000001000000]
1585,[00000001000000]
1586,[00000001000000]
1587,[00000001000000]
1588,[00000001000000]
1589,[00000001000000]
1590,[00000001000000]
1591,[00000001000000]
1592,[00000001000000]
1593,[00000001000000]
1594,[00000001000000]
1595,[00000001000000]
1596,[00000001000000]
1597,[00000001000000]
1598,[00000001000000]
1599,[00000001000000]
1600,[00000001000000]
1601,[00000001000000]
1602,[00000001000000]
1603,[00000001000000]
1604,[00000001000000]
1605,[00000001000000]
1606,[00000001000000]
1607,[00000001000000]
1608,[00000001000000]
1609,[00000001000000]
1610,[00000001000000]
1611,[00000001000000]
1612,[00000001000000]
1613,[00000001000000]
1614,[00000001000000]
1615,[00000001000000]
1616,[00000001000000]
1617,[00000001000000]
1618,[00000001000000]
1619,[00000001000000]
1620,[00000001000000]
1621,[00000001000000]
1622,[00000001000000]
1623,[00000001000000]
1624,[00000001000000]
1625,[00000001000000]
1626,[00000001000000]
1627,[00000001000000]
1628,[00000001000000]
1629,[00000001000000]
1630,[00000001000000]
1631,[00000001000000]
1632,[00000001000000]
1633,[00000001000000]
1634,[00000001000000]
1635,[00000001000000]
1636,[00000001000000]
1637,[00000001000000]
1638,[00000001000000]
1639,[00000001000000]
1640,[00000001000000]
1641,[00000001000000]
1642,[00000001000000]
1643,[00100000000000]
1644,[00100000000000]
1645,[00100000000000]
1646,[00100000000000]
1647,[00100000000000]
1648,[00100000000000]
1649,[00100000000000]
1650,[00100000000000]
1651,[00100000000000]
1652,[00100000000000]
1653,[00100000000000]
1654,[00100000000000]
1655,[00100000000000]
1656,[00100000000000]
1657,[00100000000000]
1658,[00100000000000]
1659,[00100000000000]
1660,[00100000000000]
1661,[00100000000000]
1662,[00100000000000]
1663,[00100000000000]
1664,[00100000000000]
1665,[00100000000000]
1666,[00100000000000]
1667,[00100000000000]
1668,[00100000000000]
1669,[00100000000000]
1670,[00100000000000]
1671,[00100000000000]
1672,[00100000000000]
1673,[00100000000000]
1674,[00100000000000]
1675,[00100000000000]
1676,[00100000000000]
1677,[00100000000000]
1678,[00100000000000]
1679,[00100000000000]
1680,[00100000000000]
1681,[00100000000000]
1682,[00100000000000]
1683,[00100000000000]
1684,[00100000000000]
1685,[00100000000000]
1686,[00100000000000]
1687,[00100000000000]
1688,[00100000000000]
1689,[00100000000000]
1690,[00100000000000]
1691,[00100000000000]
1692,[00100000000000]
1693,[00100000000000]
1694,[00100000000000]
1695,[00100000000000]
1696,[00100000000000]
1697,[00100000000000]
1698,[00100000000000]
1699,[00100000000000]
1700,[00100000000000]
1701,[00100000000000]
1702,[00100000000000]
1703,[00100000000000]
1704,[00100000000000]
1705,[00100000000000]
1706,[00100000000000]
1707,[00100000000000]
1708,[00100000000000]
1709,[00100000000000]
1710,[00100000000000]
1711,[00100000000000]
1712,[00100000000000]
1713,[00100000000000]
1714,[00100000000000]
1715,[00100000000000]
1716,[00100000000000]
1717,[00100000000000]
1718,[00100000000000]
1719,[00100000000000]
1720,[00100000000000]
1721,[00100000000000]
1722,[00100000000000]
1723,[00100000000000]
1724,[00100000000000]
1725,[00100000000000]
1726,[00100000000000]
1727,[00100000000000]
1728,[00100000000000]
1729,[00100000000000]
1730,[00100000000000]
1731,[00100000000000]
1732,[00100000000000]
1733,[00100000000000]
1734,[00100000000000]
1735,[00100000000000]
1736,[00100000000000]
1737,[00100000000000]
1738,[00100000000000]
1739,[00100000000000]
1740,[00100000000000]
1741,[00100000000000]
1742,[00100000000000]
1743,[00100000000000]
1744,[00100000000000]
1745,[00100000000000]
1746,[00100000000000]
1747,[00100000000000]
1748,[00100000000000]
1749,[00100000000000]
1750,[00100000000000]
1751,[00100000000000]
1752,[00100000000000]
1753,[00100000000000]
1754,[00100000000000]
1755,[00100000000000]
1756,[00100000000000]
1757,[00100000000000]
1758,[00100000000000]
1759,[00100000000000]
1760,[00100000000000]
1761,[00100000000000]
1762,[00100000000000]
1763,[00100000000000]
1764,[00100000000000]
1765,[00100000000000]
1766,[00100000000000]
1767,[00100000000000]
1768,[00100000000000]
1769,[00100000000000]
1770,[00100000000000]
1771,[00100000000000]
1772,[00100000000000]
1773,[00100000000000]
1774,[00100000000000]
1775,[00100000000000]
1776,[00100000000000]
1777,[00100000000000]
1778,[00100000000000]
1779,[00100000000000]
1780,[00100000000000]
1781,[00100000000000]
1782,[00100000000000]
1783,[00100000000000]
1784,[00100000000000]
1785,[00100000000000]
1786,[00100000000000]
1787,[00100000000000]
1788,[00100000000000]
1789,[00100000000000]
1790,[00100000000000]
1791,[00100000000000]
1792,[00100000000000]
1793,[01000000000000]
1794,[01000000000000]
1795,[01000000000000]
1796,[01000000000000]
1797,[01000000000000]
1798,[01000000000000]
1799,[01000000000000]
1800,[01000000000000]
1801,[01000000000000]
1802,[01000000000000]
1803,[01000000000000]
1804,[01000000000000]
1805,[01000000000000]
1806,[01000000000000]
1807,[01000000000000]
1808,[01000000000000]
1809,[01000000000000]
1810,[01000000000000]
1811,[01000000000000]
1812,[01000000000000]
1813,[01000000000000]
1814,[01000000000000]
1815,[01000000000000]
1816,[01000000000000]
1817,[01000000000000]
1818,[01000000000000]
1819,[01000000000000]
1820,[01000000000000]
1821,[01000000000000]
1822,[01000000000000]
1823,[01000000000000]
1824,[01000000000000]
1825,[01000000000000]
1826,[01000000000000]
1827,[01000000000000]
1828,[01000000000000]
1829,[01000000000000]
1830,[01000000000000]
1831,[01000000000000]
1832,[01000000000000]
1833,[01000000000000]
1834,[01000000000000]
1835,[01000000000000]
1836,[01000000000000]
1837,[01000000000000]
1838,[01000000000000]
1839,[01000000000000]
1840,[01000000000000]
1841,[01000000000000]
1842,[01000000000000]
1843,[01000000000000]
1844,[01000000000000]
1845,[01000000000000]
1846,[01000000000000]
1847,[01000000000000]
1848,[01000000000000]
1849,[01000000000000]
1850,[01000000000000]
1851,[01000000000000]
1852,[01000000000000]
1853,[01000000000000]
1854,[01000000000000]
1855,[01000000000000]
1856,[01000000000000]
1857,[01000000000000]
1858,[01000000000000]
1859,[01000000000000]
1860,[01000000000000]
1861,[01000000000000]
1862,[01000000000000]
1863,[01000000000000]
1864,[01000000000000]
1865,[01000000000000]
1866,[01000000000000]
1867,[01000000000000]
1868,[01000000000000]
1869,[01000000000000]
1870,[01000000000000]
1871,[01000000000000]
1872,[01000000000000]
1873,[01000000000000]
1874,[01000000000000]
1875,[01000000000000]
1876,[01000000000000]
1877,[01000000000000]
1878,[01000000000000]
1879,[01000000000000]
1880,[01000000000000]
1881,[01000000000000]
1882,[01000000000000]
1883,[01000000000000]
1884,[01000000000000]
1885,[01000000000000]
1886,[01000000000000]
1887,[01000000000000]
1888,[01000000000000]
1889,[01000000000000]
1890,[01000000000000]
1891,[01000000000000]
1892,[01000000000000]
1893,[01000000000000]
1894,[01000000000000]
1895,[01000000000000]
1896,[01000000000000]
1897,[01000000000000]
1898,[01000000000000]
1899,[01000000000000]
1900,[01000000000000]
1901,[01000000000000]
1902,[01000000000000]
1903,[01000000000000]
1904,[01000000000000]
1905,[01000000000000]
1906,[01000000000000]
1907,[01000000000000]
1908,[01000000000000]
1909,[01000000000000]
1910,[01000000000000]
1911,[01000000000000]
1912,[01000000000000]
1913,[01000000000000]
1914,[01000000000000]
1915,[01000000000000]
1916,[01000000000000]
1917,[01000000000000]
1918,[01000000000000]
1919,[01000000000000]
1920,[01000000000000]
1921,[01000000000000]
1922,[01000000000000]
1923,[01000000000000]
1924,[01000000000000]
1925,[01000000000000]
1926,[01000000000000]
1927,[01000000000000]
1928,[01000000000000]
1929,[01000000000000]
1930,[01000000000000]
1931,[01000000000000]
1932,[01000000000000]
1933,[01000000000000]
1934,[01000000000000]
1935,[01000000000000]
1936,[01000000000000]
1937,[01000000000000]
1938,[01000000000000]
1939,[01000000000000]
1940,[01000000000000]
1941,[01000000000000]
1942,[01000000000000]
1943,[10000000000000]
1944,[10000000000000]
1945,[10000000000000]
1946,[10000000000000]
1947,[10000000000000]
1948,[10000000000000]
1949,[10000000000000]
1950,[10000000000000]
1951,[10000000000000]
1952,[10000000000000]
1953,[10000000000000]
1954,[10000000000000]
1955,[10000000000000]
1956,[10000000000000]
1957,[10000000000000]
1958,[10000000000000]
1959,[10000000000000]
1960,[10000000000000]
1961,[10000000000000]
1962,[10000000000000]
1963,[10000000000000]
1964,[10000000000000]
1965,[10000000000000]
1966,[10000000000000]
1967,[10000000000000]
1968,[10000000000000]
1969,[10000000000000]
1970,[10000000000000]
1971,[10000000000000]
1972,[10000000000000]
1973,[10000000000000]
1974,[10000000000000]
1975,[10000000000000]
1976,[10000000000000]
1977,[10000000000000]
1978,[10000000000000]
1979,[10000000000000]
1980,[10000000000000]
1981,[10000000000000]
1982,[10000000000000]
1983,[10000000000000]
1984,[10000000000000]
1985,[10000000000000]
1986,[10000000000000]
1987,[10000000000000]
1988,[10000000000000]
1989,[10000000000000]
1990,[10000000000000]
1991,[10000000000000]
1992,[10000000000000]
1993,[10000000000000]
1994,[10000000000000]
1995,[10000000000000]
1996,[10000000000000]
1997,[10000000000000]
1998,[10000000000000]
1999,[10000000000000]
2000,[10000000000000]
2001,[10000000000000]
2002,[10000000000000]
2003,[10000000000000]
2004,[10000000000000]
2005,[10000000000000]
2006,[10000000000000]
2007,[10000000000000]
2008,[10000000000000]
2009,[10000000000000]
2010,[10000000000000]
2011,[10000000000000]
2012,[10000000000000]
2013,[10000000000000]
2014,[10000000000000]
2015,[10000000000000]
2016,[10000000000000]
2017,[10000000000000]
2018,[10000000000000]
2019,[10000000000000]
2020,[10000000000000]
2021,[10000000000000]
2022,[10000000000000]
2023,[10000000000000]
2024,[10000000000000]
2025,[10000000000000]
2026,[10000000000000]
2027,[10000000000000]
2028,[10000000000000]
2029,[10000000000000]
2030,[10000000000000]
2031,[10000000000000]
2032,[10000000000000]
2033,[10000000000000]
2034,[10000000000000]
2035,[10000000000000]
2036,[10000000000000]
2037,[10000000000000]
2038,[10000000000000]
2039,[10000000000000]
2040,[10000000000000]
2041,[10000000000000]
2042,[10000000000000]
2043,[10000000000000]
2044,[10000000000000]
2045,[10000000000000]
2046,[10000000000000]
2047,[10000000000000]
2048,[10000000000000]
2049,[10000000000000]
2050,[10000000000000]
2051,[10000000000000]
2052,[10000000000000]
2053,[10000000000000]
2054,[10000000000000]
2055,[10000000000000]
2056,[10000000000000]
2057,[10000000000000]
2058,[10000000000000]
2059,[10000000000000]
2060,[10000000000000]
2061,[10000000000000]
2062,[10000000000000]
2063,[10000000000000]
2064,[10000000000000]
2065,[10000000000000]
2066,[10000000000000]
2067,[10000000000000]
2068,[10000000000000]
2069,[10000000000000]
2070,[10000000000000]
2071,[10000000000000]
2072,[10000000000000]
2073,[10000000000000]
2074,[10000000000000]
2075,[10000000000000]
2076,[10000000000000]
2077,[10000000000000]
2078,[10000000000000]
2079,[10000000000000]
2080,[10000000000000]
2081,[10000000000000]
2082,[10000000000000]
2083,[10000000000000]
2084,[10000000000000]
2085,[10000000000000]
2086,[10000000000000]
2087,[10000000000000]
2088,[10000000000000]
2089,[10000000000000]
